timestamp,index,expiry,strike,option_type,oi,prev_oi,oi_change_pct
2026-03-06 05:27:44,AXISBANK,31MAR2026,1300,CE,305000,305000,0.0
2026-03-06 05:27:44,AXISBANK,31MAR2026,1300,PE,693750,693750,0.0
2026-03-06 05:27:44,AXISBANK,31MAR2026,1320,CE,245625,245625,0.0
2026-03-06 05:27:44,AXISBANK,31MAR2026,1320,PE,781875,781875,0.0
2026-03-06 05:27:44,AXISBANK,31MAR2026,1340,CE,711875,711875,0.0
2026-03-06 05:27:44,AXISBANK,31MAR2026,1340,PE,1028750,1028750,0.0
2026-03-06 05:28:46,AXISBANK,31MAR2026,1300,CE,306875,305000,0.61
2026-03-06 05:28:46,AXISBANK,31MAR2026,1300,PE,694375,693750,0.09
2026-03-06 05:28:46,AXISBANK,31MAR2026,1320,CE,245625,245625,0.0
2026-03-06 05:28:46,AXISBANK,31MAR2026,1320,PE,791250,781875,1.2
2026-03-06 05:28:46,AXISBANK,31MAR2026,1340,CE,711250,711875,-0.09
2026-03-06 05:28:46,AXISBANK,31MAR2026,1340,PE,1028750,1028750,0.0
2026-03-06 05:29:48,AXISBANK,31MAR2026,1300,CE,306875,306875,0.0
2026-03-06 05:29:48,AXISBANK,31MAR2026,1300,PE,694375,694375,0.0
2026-03-06 05:29:48,AXISBANK,31MAR2026,1320,CE,244375,245625,-0.51
2026-03-06 05:29:48,AXISBANK,31MAR2026,1320,PE,791250,791250,0.0
2026-03-06 05:29:48,AXISBANK,31MAR2026,1340,CE,711250,711250,0.0
2026-03-06 05:29:48,AXISBANK,31MAR2026,1340,PE,1028750,1028750,0.0
2026-03-06 05:30:50,AXISBANK,31MAR2026,1300,CE,306875,306875,0.0
2026-03-06 05:30:50,AXISBANK,31MAR2026,1300,PE,694375,694375,0.0
2026-03-06 05:30:50,AXISBANK,31MAR2026,1320,CE,244375,244375,0.0
2026-03-06 05:30:50,AXISBANK,31MAR2026,1320,PE,791250,791250,0.0
2026-03-06 05:30:50,AXISBANK,31MAR2026,1340,CE,711250,711250,0.0
2026-03-06 05:30:50,AXISBANK,31MAR2026,1340,PE,1028750,1028750,0.0
2026-03-06 05:31:52,AXISBANK,31MAR2026,1300,CE,306875,306875,0.0
2026-03-06 05:31:52,AXISBANK,31MAR2026,1300,PE,691250,694375,-0.45
2026-03-06 05:31:52,AXISBANK,31MAR2026,1320,CE,242500,244375,-0.77
2026-03-06 05:31:52,AXISBANK,31MAR2026,1320,PE,790625,791250,-0.08
2026-03-06 05:31:52,AXISBANK,31MAR2026,1340,CE,702500,711250,-1.23
2026-03-06 05:31:52,AXISBANK,31MAR2026,1340,PE,1032500,1028750,0.36
2026-03-06 05:32:54,AXISBANK,31MAR2026,1300,CE,307500,306875,0.2
2026-03-06 05:32:54,AXISBANK,31MAR2026,1300,PE,691250,691250,0.0
2026-03-06 05:32:54,AXISBANK,31MAR2026,1320,CE,242500,242500,0.0
2026-03-06 05:32:54,AXISBANK,31MAR2026,1320,PE,790625,790625,0.0
2026-03-06 05:32:54,AXISBANK,31MAR2026,1340,CE,702500,702500,0.0
2026-03-06 05:32:54,AXISBANK,31MAR2026,1340,PE,1032500,1032500,0.0
2026-03-06 05:33:56,AXISBANK,31MAR2026,1300,CE,307500,307500,0.0
2026-03-06 05:33:56,AXISBANK,31MAR2026,1300,PE,691250,691250,0.0
2026-03-06 05:33:56,AXISBANK,31MAR2026,1320,CE,242500,242500,0.0
2026-03-06 05:33:56,AXISBANK,31MAR2026,1320,PE,790625,790625,0.0
2026-03-06 05:33:56,AXISBANK,31MAR2026,1340,CE,702500,702500,0.0
2026-03-06 05:33:56,AXISBANK,31MAR2026,1340,PE,1032500,1032500,0.0
2026-03-06 05:34:58,AXISBANK,31MAR2026,1300,CE,307500,307500,0.0
2026-03-06 05:34:58,AXISBANK,31MAR2026,1300,PE,688750,691250,-0.36
2026-03-06 05:34:58,AXISBANK,31MAR2026,1320,CE,242500,242500,0.0
2026-03-06 05:34:58,AXISBANK,31MAR2026,1320,PE,789375,790625,-0.16
2026-03-06 05:34:58,AXISBANK,31MAR2026,1340,CE,703125,702500,0.09
2026-03-06 05:34:58,AXISBANK,31MAR2026,1340,PE,1032500,1032500,0.0
2026-03-06 05:36:00,AXISBANK,31MAR2026,1300,CE,307500,307500,0.0
2026-03-06 05:36:00,AXISBANK,31MAR2026,1300,PE,688750,688750,0.0
2026-03-06 05:36:00,AXISBANK,31MAR2026,1320,CE,248125,242500,2.32
2026-03-06 05:36:00,AXISBANK,31MAR2026,1320,PE,789375,789375,0.0
2026-03-06 05:36:00,AXISBANK,31MAR2026,1340,CE,703125,703125,0.0
2026-03-06 05:36:00,AXISBANK,31MAR2026,1340,PE,1032500,1032500,0.0
2026-03-06 05:37:02,AXISBANK,31MAR2026,1300,CE,307500,307500,0.0
2026-03-06 05:37:02,AXISBANK,31MAR2026,1300,PE,688750,688750,0.0
2026-03-06 05:37:02,AXISBANK,31MAR2026,1320,CE,248125,248125,0.0
2026-03-06 05:37:02,AXISBANK,31MAR2026,1320,PE,789375,789375,0.0
2026-03-06 05:37:02,AXISBANK,31MAR2026,1340,CE,703125,703125,0.0
2026-03-06 05:37:02,AXISBANK,31MAR2026,1340,PE,1032500,1032500,0.0
2026-03-06 05:38:05,AXISBANK,31MAR2026,1300,CE,307500,307500,0.0
2026-03-06 05:38:05,AXISBANK,31MAR2026,1300,PE,691875,688750,0.45
2026-03-06 05:38:05,AXISBANK,31MAR2026,1320,CE,248125,248125,0.0
2026-03-06 05:38:05,AXISBANK,31MAR2026,1320,PE,785000,789375,-0.55
2026-03-06 05:38:05,AXISBANK,31MAR2026,1340,CE,703750,703125,0.09
2026-03-06 05:38:05,AXISBANK,31MAR2026,1340,PE,1030625,1032500,-0.18
2026-03-06 05:39:07,AXISBANK,31MAR2026,1300,CE,307500,307500,0.0
2026-03-06 05:39:07,AXISBANK,31MAR2026,1300,PE,691875,691875,0.0
2026-03-06 05:39:07,AXISBANK,31MAR2026,1320,CE,246875,248125,-0.5
2026-03-06 05:39:07,AXISBANK,31MAR2026,1320,PE,785000,785000,0.0
2026-03-06 05:39:07,AXISBANK,31MAR2026,1340,CE,703750,703750,0.0
2026-03-06 05:39:07,AXISBANK,31MAR2026,1340,PE,1030625,1030625,0.0
2026-03-06 05:40:09,AXISBANK,31MAR2026,1300,CE,307500,307500,0.0
2026-03-06 05:40:09,AXISBANK,31MAR2026,1300,PE,691875,691875,0.0
2026-03-06 05:40:09,AXISBANK,31MAR2026,1320,CE,246875,246875,0.0
2026-03-06 05:40:09,AXISBANK,31MAR2026,1320,PE,785000,785000,0.0
2026-03-06 05:40:09,AXISBANK,31MAR2026,1340,CE,703750,703750,0.0
2026-03-06 05:40:09,AXISBANK,31MAR2026,1340,PE,1030625,1030625,0.0
2026-03-06 05:41:11,AXISBANK,31MAR2026,1300,CE,307500,307500,0.0
2026-03-06 05:41:11,AXISBANK,31MAR2026,1300,PE,690000,691875,-0.27
2026-03-06 05:41:11,AXISBANK,31MAR2026,1320,CE,246875,246875,0.0
2026-03-06 05:41:11,AXISBANK,31MAR2026,1320,PE,786250,785000,0.16
2026-03-06 05:41:11,AXISBANK,31MAR2026,1340,CE,722500,703750,2.66
2026-03-06 05:41:11,AXISBANK,31MAR2026,1340,PE,1030000,1030625,-0.06
2026-03-06 05:42:13,AXISBANK,31MAR2026,1300,CE,307500,307500,0.0
2026-03-06 05:42:13,AXISBANK,31MAR2026,1300,PE,690000,690000,0.0
2026-03-06 05:42:13,AXISBANK,31MAR2026,1320,CE,231250,246875,-6.33
2026-03-06 05:42:13,AXISBANK,31MAR2026,1320,PE,786250,786250,0.0
2026-03-06 05:42:13,AXISBANK,31MAR2026,1340,CE,722500,722500,0.0
2026-03-06 05:42:13,AXISBANK,31MAR2026,1340,PE,1030000,1030000,0.0
2026-03-06 05:43:15,AXISBANK,31MAR2026,1300,CE,306250,307500,-0.41
2026-03-06 05:43:15,AXISBANK,31MAR2026,1300,PE,690000,690000,0.0
2026-03-06 05:43:15,AXISBANK,31MAR2026,1320,CE,231250,231250,0.0
2026-03-06 05:43:15,AXISBANK,31MAR2026,1320,PE,786250,786250,0.0
2026-03-06 05:43:15,AXISBANK,31MAR2026,1340,CE,722500,722500,0.0
2026-03-06 05:43:15,AXISBANK,31MAR2026,1340,PE,1030000,1030000,0.0
2026-03-06 05:44:18,AXISBANK,31MAR2026,1300,CE,306250,306250,0.0
2026-03-06 05:44:18,AXISBANK,31MAR2026,1300,PE,693125,690000,0.45
2026-03-06 05:44:18,AXISBANK,31MAR2026,1320,CE,232500,231250,0.54
2026-03-06 05:44:18,AXISBANK,31MAR2026,1320,PE,783125,786250,-0.4
2026-03-06 05:44:18,AXISBANK,31MAR2026,1340,CE,726250,722500,0.52
2026-03-06 05:44:18,AXISBANK,31MAR2026,1340,PE,1030000,1030000,0.0
2026-03-06 05:45:21,AXISBANK,31MAR2026,1300,CE,306250,306250,0.0
2026-03-06 05:45:21,AXISBANK,31MAR2026,1300,PE,693125,693125,0.0
2026-03-06 05:45:21,AXISBANK,31MAR2026,1320,CE,232500,232500,0.0
2026-03-06 05:45:21,AXISBANK,31MAR2026,1320,PE,783125,783125,0.0
2026-03-06 05:45:21,AXISBANK,31MAR2026,1340,CE,726250,726250,0.0
2026-03-06 05:45:21,AXISBANK,31MAR2026,1340,PE,1030000,1030000,0.0
2026-03-06 05:46:23,AXISBANK,31MAR2026,1300,CE,307500,306250,0.41
2026-03-06 05:46:23,AXISBANK,31MAR2026,1300,PE,693125,693125,0.0
2026-03-06 05:46:23,AXISBANK,31MAR2026,1320,CE,232500,232500,0.0
2026-03-06 05:46:23,AXISBANK,31MAR2026,1320,PE,783125,783125,0.0
2026-03-06 05:46:23,AXISBANK,31MAR2026,1340,CE,726250,726250,0.0
2026-03-06 05:46:23,AXISBANK,31MAR2026,1340,PE,1030000,1030000,0.0
2026-03-06 05:47:25,AXISBANK,31MAR2026,1300,CE,307500,307500,0.0
2026-03-06 05:47:25,AXISBANK,31MAR2026,1300,PE,700000,693125,0.99
2026-03-06 05:47:25,AXISBANK,31MAR2026,1320,CE,232500,232500,0.0
2026-03-06 05:47:25,AXISBANK,31MAR2026,1320,PE,788125,783125,0.64
2026-03-06 05:47:26,AXISBANK,31MAR2026,1340,CE,726875,726250,0.09
2026-03-06 05:47:26,AXISBANK,31MAR2026,1340,PE,1031250,1030000,0.12
2026-03-06 05:48:28,AXISBANK,31MAR2026,1300,CE,308125,307500,0.2
2026-03-06 05:48:28,AXISBANK,31MAR2026,1300,PE,700000,700000,0.0
2026-03-06 05:48:28,AXISBANK,31MAR2026,1320,CE,234375,232500,0.81
2026-03-06 05:48:28,AXISBANK,31MAR2026,1320,PE,788125,788125,0.0
2026-03-06 05:48:28,AXISBANK,31MAR2026,1340,CE,726875,726875,0.0
2026-03-06 05:48:28,AXISBANK,31MAR2026,1340,PE,1031250,1031250,0.0
2026-03-06 05:49:30,AXISBANK,31MAR2026,1300,CE,308125,308125,0.0
2026-03-06 05:49:30,AXISBANK,31MAR2026,1300,PE,700000,700000,0.0
2026-03-06 05:49:30,AXISBANK,31MAR2026,1320,CE,234375,234375,0.0
2026-03-06 05:49:30,AXISBANK,31MAR2026,1320,PE,788125,788125,0.0
2026-03-06 05:49:30,AXISBANK,31MAR2026,1340,CE,726875,726875,0.0
2026-03-06 05:49:30,AXISBANK,31MAR2026,1340,PE,1031250,1031250,0.0
2026-03-06 05:50:32,AXISBANK,31MAR2026,1300,CE,308125,308125,0.0
2026-03-06 05:50:32,AXISBANK,31MAR2026,1300,PE,697500,700000,-0.36
2026-03-06 05:50:32,AXISBANK,31MAR2026,1320,CE,253750,234375,8.27
2026-03-06 05:50:32,AXISBANK,31MAR2026,1320,PE,788750,788125,0.08
2026-03-06 05:50:32,AXISBANK,31MAR2026,1340,CE,726875,726875,0.0
2026-03-06 05:50:32,AXISBANK,31MAR2026,1340,PE,1030000,1031250,-0.12
2026-03-06 05:51:34,AXISBANK,31MAR2026,1300,CE,308125,308125,0.0
2026-03-06 05:51:34,AXISBANK,31MAR2026,1300,PE,697500,697500,0.0
2026-03-06 05:51:34,AXISBANK,31MAR2026,1320,CE,253750,253750,0.0
2026-03-06 05:51:34,AXISBANK,31MAR2026,1320,PE,788750,788750,0.0
2026-03-06 05:51:34,AXISBANK,31MAR2026,1340,CE,726875,726875,0.0
2026-03-06 05:51:34,AXISBANK,31MAR2026,1340,PE,1030000,1030000,0.0
2026-03-06 05:52:36,AXISBANK,31MAR2026,1300,CE,308125,308125,0.0
2026-03-06 05:52:36,AXISBANK,31MAR2026,1300,PE,697500,697500,0.0
2026-03-06 05:52:36,AXISBANK,31MAR2026,1320,CE,253750,253750,0.0
2026-03-06 05:52:36,AXISBANK,31MAR2026,1320,PE,775625,788750,-1.66
2026-03-06 05:52:36,AXISBANK,31MAR2026,1340,CE,726875,726875,0.0
2026-03-06 05:52:36,AXISBANK,31MAR2026,1340,PE,1030000,1030000,0.0
2026-03-06 05:53:38,AXISBANK,31MAR2026,1300,CE,308750,308125,0.2
2026-03-06 05:53:38,AXISBANK,31MAR2026,1300,PE,697500,697500,0.0
2026-03-06 05:53:38,AXISBANK,31MAR2026,1320,CE,256875,253750,1.23
2026-03-06 05:53:38,AXISBANK,31MAR2026,1320,PE,775625,775625,0.0
2026-03-06 05:53:38,AXISBANK,31MAR2026,1340,CE,728750,726875,0.26
2026-03-06 05:53:38,AXISBANK,31MAR2026,1340,PE,1030625,1030000,0.06
2026-03-06 05:54:49,AXISBANK,31MAR2026,1300,CE,308750,308750,0.0
2026-03-06 05:54:49,AXISBANK,31MAR2026,1300,PE,697500,697500,0.0
2026-03-06 05:54:49,AXISBANK,31MAR2026,1320,CE,256875,256875,0.0
2026-03-06 05:54:49,AXISBANK,31MAR2026,1320,PE,775625,775625,0.0
2026-03-06 05:54:49,AXISBANK,31MAR2026,1340,CE,728750,728750,0.0
2026-03-06 05:54:49,AXISBANK,31MAR2026,1340,PE,1030625,1030625,0.0
2026-03-06 05:55:51,AXISBANK,31MAR2026,1300,CE,308750,308750,0.0
2026-03-06 05:55:51,AXISBANK,31MAR2026,1300,PE,697500,697500,0.0
2026-03-06 05:55:52,AXISBANK,31MAR2026,1320,CE,256875,256875,0.0
2026-03-06 05:55:52,AXISBANK,31MAR2026,1320,PE,773750,775625,-0.24
2026-03-06 05:55:52,AXISBANK,31MAR2026,1340,CE,728750,728750,0.0
2026-03-06 05:55:52,AXISBANK,31MAR2026,1340,PE,1030625,1030625,0.0
2026-03-06 05:56:54,AXISBANK,31MAR2026,1300,CE,308750,308750,0.0
2026-03-06 05:56:54,AXISBANK,31MAR2026,1300,PE,697500,697500,0.0
2026-03-06 05:56:54,AXISBANK,31MAR2026,1320,CE,263750,256875,2.68
2026-03-06 05:56:54,AXISBANK,31MAR2026,1320,PE,773750,773750,0.0
2026-03-06 05:56:54,AXISBANK,31MAR2026,1340,CE,734375,728750,0.77
2026-03-06 05:56:54,AXISBANK,31MAR2026,1340,PE,1030625,1030625,0.0
2026-03-06 05:57:56,AXISBANK,31MAR2026,1300,CE,310000,308750,0.4
2026-03-06 05:57:56,AXISBANK,31MAR2026,1300,PE,697500,697500,0.0
2026-03-06 05:57:56,AXISBANK,31MAR2026,1320,CE,263750,263750,0.0
2026-03-06 05:57:56,AXISBANK,31MAR2026,1320,PE,773750,773750,0.0
2026-03-06 05:57:56,AXISBANK,31MAR2026,1340,CE,734375,734375,0.0
2026-03-06 05:57:56,AXISBANK,31MAR2026,1340,PE,1030625,1030625,0.0
2026-03-06 05:59:02,AXISBANK,31MAR2026,1300,CE,308750,310000,-0.4
2026-03-06 05:59:02,AXISBANK,31MAR2026,1300,PE,697500,697500,0.0
2026-03-06 05:59:02,AXISBANK,31MAR2026,1320,CE,263750,263750,0.0
2026-03-06 05:59:02,AXISBANK,31MAR2026,1320,PE,773750,773750,0.0
2026-03-06 05:59:02,AXISBANK,31MAR2026,1340,CE,736875,734375,0.34
2026-03-06 05:59:02,AXISBANK,31MAR2026,1340,PE,1030625,1030625,0.0
2026-03-06 06:00:05,AXISBANK,31MAR2026,1300,CE,308750,308750,0.0
2026-03-06 06:00:05,AXISBANK,31MAR2026,1300,PE,697500,697500,0.0
2026-03-06 06:00:05,AXISBANK,31MAR2026,1320,CE,264375,263750,0.24
2026-03-06 06:00:05,AXISBANK,31MAR2026,1320,PE,771250,773750,-0.32
2026-03-06 06:00:05,AXISBANK,31MAR2026,1340,CE,736875,736875,0.0
2026-03-06 06:00:05,AXISBANK,31MAR2026,1340,PE,1030625,1030625,0.0
2026-03-06 06:01:15,AXISBANK,31MAR2026,1300,CE,308750,308750,0.0
2026-03-06 06:01:15,AXISBANK,31MAR2026,1300,PE,697500,697500,0.0
2026-03-06 06:01:15,AXISBANK,31MAR2026,1320,CE,264375,264375,0.0
2026-03-06 06:01:15,AXISBANK,31MAR2026,1320,PE,771250,771250,0.0
2026-03-06 06:01:15,AXISBANK,31MAR2026,1340,CE,736875,736875,0.0
2026-03-06 06:01:15,AXISBANK,31MAR2026,1340,PE,1031250,1030625,0.06
2026-03-06 06:02:19,AXISBANK,31MAR2026,1300,CE,308750,308750,0.0
2026-03-06 06:02:19,AXISBANK,31MAR2026,1300,PE,695000,697500,-0.36
2026-03-06 06:02:19,AXISBANK,31MAR2026,1320,CE,265000,264375,0.24
2026-03-06 06:02:19,AXISBANK,31MAR2026,1320,PE,771875,771250,0.08
2026-03-06 06:02:19,AXISBANK,31MAR2026,1340,CE,738750,736875,0.25
2026-03-06 06:02:19,AXISBANK,31MAR2026,1340,PE,1031250,1031250,0.0
2026-03-06 06:03:27,AXISBANK,31MAR2026,1300,CE,308750,308750,0.0
2026-03-06 06:03:27,AXISBANK,31MAR2026,1300,PE,695000,695000,0.0
2026-03-06 06:03:27,AXISBANK,31MAR2026,1320,CE,265000,265000,0.0
2026-03-06 06:03:27,AXISBANK,31MAR2026,1320,PE,771875,771875,0.0
2026-03-06 06:03:27,AXISBANK,31MAR2026,1340,CE,738750,738750,0.0
2026-03-06 06:03:27,AXISBANK,31MAR2026,1340,PE,1031250,1031250,0.0
2026-03-06 06:04:29,AXISBANK,31MAR2026,1300,CE,306250,308750,-0.81
2026-03-06 06:04:29,AXISBANK,31MAR2026,1300,PE,695000,695000,0.0
2026-03-06 06:04:29,AXISBANK,31MAR2026,1320,CE,265000,265000,0.0
2026-03-06 06:04:29,AXISBANK,31MAR2026,1320,PE,771875,771875,0.0
2026-03-06 06:04:29,AXISBANK,31MAR2026,1340,CE,738750,738750,0.0
2026-03-06 06:04:29,AXISBANK,31MAR2026,1340,PE,1031250,1031250,0.0
2026-03-06 06:05:32,AXISBANK,31MAR2026,1300,CE,306250,306250,0.0
2026-03-06 06:05:32,AXISBANK,31MAR2026,1300,PE,694375,695000,-0.09
2026-03-06 06:05:32,AXISBANK,31MAR2026,1320,CE,265000,265000,0.0
2026-03-06 06:05:32,AXISBANK,31MAR2026,1320,PE,772500,771875,0.08
2026-03-06 06:05:32,AXISBANK,31MAR2026,1340,CE,740625,738750,0.25
2026-03-06 06:05:32,AXISBANK,31MAR2026,1340,PE,1031250,1031250,0.0
2026-03-06 06:06:34,AXISBANK,31MAR2026,1300,CE,306250,306250,0.0
2026-03-06 06:06:34,AXISBANK,31MAR2026,1300,PE,694375,694375,0.0
2026-03-06 06:06:34,AXISBANK,31MAR2026,1320,CE,265000,265000,0.0
2026-03-06 06:06:34,AXISBANK,31MAR2026,1320,PE,772500,772500,0.0
2026-03-06 06:06:34,AXISBANK,31MAR2026,1340,CE,740625,740625,0.0
2026-03-06 06:06:34,AXISBANK,31MAR2026,1340,PE,1031250,1031250,0.0
2026-03-06 06:07:48,AXISBANK,31MAR2026,1300,CE,306250,306250,0.0
2026-03-06 06:07:48,AXISBANK,31MAR2026,1300,PE,694375,694375,0.0
2026-03-06 06:07:48,AXISBANK,31MAR2026,1320,CE,265000,265000,0.0
2026-03-06 06:07:48,AXISBANK,31MAR2026,1320,PE,772500,772500,0.0
2026-03-06 06:07:48,AXISBANK,31MAR2026,1340,CE,740625,740625,0.0
2026-03-06 06:07:48,AXISBANK,31MAR2026,1340,PE,1031250,1031250,0.0
2026-03-06 06:08:57,AXISBANK,31MAR2026,1300,CE,306250,306250,0.0
2026-03-06 06:08:57,AXISBANK,31MAR2026,1300,PE,694375,694375,0.0
2026-03-06 06:08:57,AXISBANK,31MAR2026,1320,CE,265625,265000,0.24
2026-03-06 06:08:57,AXISBANK,31MAR2026,1320,PE,771875,772500,-0.08
2026-03-06 06:08:57,AXISBANK,31MAR2026,1340,CE,744375,740625,0.51
2026-03-06 06:08:57,AXISBANK,31MAR2026,1340,PE,1033750,1031250,0.24
2026-03-06 06:10:06,AXISBANK,31MAR2026,1300,CE,306250,306250,0.0
2026-03-06 06:10:06,AXISBANK,31MAR2026,1300,PE,694375,694375,0.0
2026-03-06 06:10:06,AXISBANK,31MAR2026,1320,CE,265625,265625,0.0
2026-03-06 06:10:06,AXISBANK,31MAR2026,1320,PE,771875,771875,0.0
2026-03-06 06:10:06,AXISBANK,31MAR2026,1340,CE,744375,744375,0.0
2026-03-06 06:10:06,AXISBANK,31MAR2026,1340,PE,1033750,1033750,0.0
2026-03-06 06:11:10,AXISBANK,31MAR2026,1300,CE,305625,306250,-0.2
2026-03-06 06:11:10,AXISBANK,31MAR2026,1300,PE,686250,694375,-1.17
2026-03-06 06:11:10,AXISBANK,31MAR2026,1320,CE,270000,265625,1.65
2026-03-06 06:11:10,AXISBANK,31MAR2026,1320,PE,776875,771875,0.65
2026-03-06 06:11:10,AXISBANK,31MAR2026,1340,CE,754375,744375,1.34
2026-03-06 06:11:10,AXISBANK,31MAR2026,1340,PE,1035000,1033750,0.12
2026-03-06 06:12:16,AXISBANK,31MAR2026,1300,CE,305625,305625,0.0
2026-03-06 06:12:16,AXISBANK,31MAR2026,1300,PE,686250,686250,0.0
2026-03-06 06:12:16,AXISBANK,31MAR2026,1320,CE,270000,270000,0.0
2026-03-06 06:12:16,AXISBANK,31MAR2026,1320,PE,776875,776875,0.0
2026-03-06 06:12:16,AXISBANK,31MAR2026,1340,CE,754375,754375,0.0
2026-03-06 06:12:16,AXISBANK,31MAR2026,1340,PE,1035000,1035000,0.0
2026-03-06 06:13:19,AXISBANK,31MAR2026,1300,CE,305625,305625,0.0
2026-03-06 06:13:19,AXISBANK,31MAR2026,1300,PE,686250,686250,0.0
2026-03-06 06:13:19,AXISBANK,31MAR2026,1320,CE,270000,270000,0.0
2026-03-06 06:13:19,AXISBANK,31MAR2026,1320,PE,776875,776875,0.0
2026-03-06 06:13:19,AXISBANK,31MAR2026,1340,CE,754375,754375,0.0
2026-03-06 06:13:19,AXISBANK,31MAR2026,1340,PE,1035000,1035000,0.0
2026-03-06 06:14:23,AXISBANK,31MAR2026,1300,CE,305625,305625,0.0
2026-03-06 06:14:23,AXISBANK,31MAR2026,1300,PE,707500,686250,3.1
2026-03-06 06:14:23,AXISBANK,31MAR2026,1320,CE,267500,270000,-0.93
2026-03-06 06:14:23,AXISBANK,31MAR2026,1320,PE,776875,776875,0.0
2026-03-06 06:14:23,AXISBANK,31MAR2026,1340,CE,760000,754375,0.75
2026-03-06 06:14:23,AXISBANK,31MAR2026,1340,PE,1035000,1035000,0.0
2026-03-06 06:15:28,AXISBANK,31MAR2026,1300,CE,306250,305625,0.2
2026-03-06 06:15:28,AXISBANK,31MAR2026,1300,PE,707500,707500,0.0
2026-03-06 06:15:28,AXISBANK,31MAR2026,1320,CE,267500,267500,0.0
2026-03-06 06:15:28,AXISBANK,31MAR2026,1320,PE,786250,776875,1.21
2026-03-06 06:15:28,AXISBANK,31MAR2026,1340,CE,760000,760000,0.0
2026-03-06 06:15:28,AXISBANK,31MAR2026,1340,PE,1038125,1035000,0.3
2026-03-06 06:16:32,AXISBANK,31MAR2026,1300,CE,306250,306250,0.0
2026-03-06 06:16:32,AXISBANK,31MAR2026,1300,PE,707500,707500,0.0
2026-03-06 06:16:32,AXISBANK,31MAR2026,1320,CE,267500,267500,0.0
2026-03-06 06:16:32,AXISBANK,31MAR2026,1320,PE,786250,786250,0.0
2026-03-06 06:16:32,AXISBANK,31MAR2026,1340,CE,760000,760000,0.0
2026-03-06 06:16:32,AXISBANK,31MAR2026,1340,PE,1038125,1038125,0.0
2026-03-06 06:17:39,AXISBANK,31MAR2026,1300,CE,306250,306250,0.0
2026-03-06 06:17:39,AXISBANK,31MAR2026,1300,PE,705000,707500,-0.35
2026-03-06 06:17:39,AXISBANK,31MAR2026,1320,CE,271875,267500,1.64
2026-03-06 06:17:39,AXISBANK,31MAR2026,1320,PE,789375,786250,0.4
2026-03-06 06:17:39,AXISBANK,31MAR2026,1340,CE,761875,760000,0.25
2026-03-06 06:17:39,AXISBANK,31MAR2026,1340,PE,1038125,1038125,0.0
2026-03-06 06:18:49,AXISBANK,31MAR2026,1300,CE,306250,306250,0.0
2026-03-06 06:18:49,AXISBANK,31MAR2026,1300,PE,705000,705000,0.0
2026-03-06 06:18:49,AXISBANK,31MAR2026,1320,CE,271875,271875,0.0
2026-03-06 06:18:49,AXISBANK,31MAR2026,1320,PE,789375,789375,0.0
2026-03-06 06:18:49,AXISBANK,31MAR2026,1340,CE,761875,761875,0.0
2026-03-06 06:18:49,AXISBANK,31MAR2026,1340,PE,1039375,1038125,0.12
2026-03-06 06:19:54,AXISBANK,31MAR2026,1300,CE,306250,306250,0.0
2026-03-06 06:19:54,AXISBANK,31MAR2026,1300,PE,703750,705000,-0.18
2026-03-06 06:19:54,AXISBANK,31MAR2026,1320,CE,271875,271875,0.0
2026-03-06 06:19:54,AXISBANK,31MAR2026,1320,PE,788750,789375,-0.08
2026-03-06 06:19:54,AXISBANK,31MAR2026,1340,CE,761875,761875,0.0
2026-03-06 06:19:54,AXISBANK,31MAR2026,1340,PE,1036875,1039375,-0.24
2026-03-06 06:21:02,AXISBANK,31MAR2026,1300,CE,306250,306250,0.0
2026-03-06 06:21:02,AXISBANK,31MAR2026,1300,PE,703750,703750,0.0
2026-03-06 06:21:02,AXISBANK,31MAR2026,1320,CE,275000,271875,1.15
2026-03-06 06:21:02,AXISBANK,31MAR2026,1320,PE,788750,788750,0.0
2026-03-06 06:21:02,AXISBANK,31MAR2026,1340,CE,761875,761875,0.0
2026-03-06 06:21:02,AXISBANK,31MAR2026,1340,PE,1036875,1036875,0.0
2026-03-06 06:22:08,AXISBANK,31MAR2026,1300,CE,306250,306250,0.0
2026-03-06 06:22:08,AXISBANK,31MAR2026,1300,PE,703750,703750,0.0
2026-03-06 06:22:08,AXISBANK,31MAR2026,1320,CE,275000,275000,0.0
2026-03-06 06:22:08,AXISBANK,31MAR2026,1320,PE,788750,788750,0.0
2026-03-06 06:22:08,AXISBANK,31MAR2026,1340,CE,761875,761875,0.0
2026-03-06 06:22:08,AXISBANK,31MAR2026,1340,PE,1036875,1036875,0.0
2026-03-06 06:23:19,AXISBANK,31MAR2026,1300,CE,306250,306250,0.0
2026-03-06 06:23:19,AXISBANK,31MAR2026,1300,PE,703125,703750,-0.09
2026-03-06 06:23:19,AXISBANK,31MAR2026,1320,CE,275000,275000,0.0
2026-03-06 06:23:19,AXISBANK,31MAR2026,1320,PE,788750,788750,0.0
2026-03-06 06:23:19,AXISBANK,31MAR2026,1340,CE,770000,761875,1.07
2026-03-06 06:23:19,AXISBANK,31MAR2026,1340,PE,1036875,1036875,0.0
2026-03-06 06:24:26,AXISBANK,31MAR2026,1300,CE,306875,306250,0.2
2026-03-06 06:24:26,AXISBANK,31MAR2026,1300,PE,703125,703125,0.0
2026-03-06 06:24:26,AXISBANK,31MAR2026,1320,CE,280625,275000,2.05
2026-03-06 06:24:26,AXISBANK,31MAR2026,1320,PE,788125,788750,-0.08
2026-03-06 06:24:26,AXISBANK,31MAR2026,1340,CE,770000,770000,0.0
2026-03-06 06:24:26,AXISBANK,31MAR2026,1340,PE,1036875,1036875,0.0
2026-03-06 06:25:35,AXISBANK,31MAR2026,1300,CE,306875,306875,0.0
2026-03-06 06:25:35,AXISBANK,31MAR2026,1300,PE,703125,703125,0.0
2026-03-06 06:25:35,AXISBANK,31MAR2026,1320,CE,280625,280625,0.0
2026-03-06 06:25:35,AXISBANK,31MAR2026,1320,PE,788125,788125,0.0
2026-03-06 06:25:35,AXISBANK,31MAR2026,1340,CE,770000,770000,0.0
2026-03-06 06:25:35,AXISBANK,31MAR2026,1340,PE,1036875,1036875,0.0
2026-03-06 06:26:40,AXISBANK,31MAR2026,1300,CE,306875,306875,0.0
2026-03-06 06:26:40,AXISBANK,31MAR2026,1300,PE,692500,703125,-1.51
2026-03-06 06:26:40,AXISBANK,31MAR2026,1320,CE,253125,280625,-9.8
2026-03-06 06:26:40,AXISBANK,31MAR2026,1320,PE,787500,788125,-0.08
2026-03-06 06:26:40,AXISBANK,31MAR2026,1340,CE,756250,770000,-1.79
2026-03-06 06:26:40,AXISBANK,31MAR2026,1340,PE,1041875,1036875,0.48
2026-03-06 06:27:46,AXISBANK,31MAR2026,1300,CE,306875,306875,0.0
2026-03-06 06:27:46,AXISBANK,31MAR2026,1300,PE,692500,692500,0.0
2026-03-06 06:27:46,AXISBANK,31MAR2026,1320,CE,253125,253125,0.0
2026-03-06 06:27:47,AXISBANK,31MAR2026,1320,PE,787500,787500,0.0
2026-03-06 06:27:47,AXISBANK,31MAR2026,1340,CE,756250,756250,0.0
2026-03-06 06:27:47,AXISBANK,31MAR2026,1340,PE,1041875,1041875,0.0
2026-03-06 06:28:50,AXISBANK,31MAR2026,1300,CE,306875,306875,0.0
2026-03-06 06:28:50,AXISBANK,31MAR2026,1300,PE,691250,692500,-0.18
2026-03-06 06:28:50,AXISBANK,31MAR2026,1320,CE,251250,253125,-0.74
2026-03-06 06:28:50,AXISBANK,31MAR2026,1320,PE,787500,787500,0.0
2026-03-06 06:28:50,AXISBANK,31MAR2026,1340,CE,750625,756250,-0.74
2026-03-06 06:28:50,AXISBANK,31MAR2026,1340,PE,1041875,1041875,0.0
2026-03-06 06:29:55,AXISBANK,31MAR2026,1300,CE,306875,306875,0.0
2026-03-06 06:29:55,AXISBANK,31MAR2026,1300,PE,691250,691250,0.0
2026-03-06 06:29:55,AXISBANK,31MAR2026,1320,CE,251250,251250,0.0
2026-03-06 06:29:55,AXISBANK,31MAR2026,1320,PE,787500,787500,0.0
2026-03-06 06:29:55,AXISBANK,31MAR2026,1340,CE,750625,750625,0.0
2026-03-06 06:29:55,AXISBANK,31MAR2026,1340,PE,1041875,1041875,0.0
2026-03-06 06:30:58,AXISBANK,31MAR2026,1300,CE,306875,306875,0.0
2026-03-06 06:30:58,AXISBANK,31MAR2026,1300,PE,691250,691250,0.0
2026-03-06 06:30:58,AXISBANK,31MAR2026,1320,CE,251250,251250,0.0
2026-03-06 06:30:58,AXISBANK,31MAR2026,1320,PE,787500,787500,0.0
2026-03-06 06:30:58,AXISBANK,31MAR2026,1340,CE,750625,750625,0.0
2026-03-06 06:30:58,AXISBANK,31MAR2026,1340,PE,1041875,1041875,0.0
2026-03-06 06:32:01,AXISBANK,31MAR2026,1300,CE,306875,306875,0.0
2026-03-06 06:32:01,AXISBANK,31MAR2026,1300,PE,691250,691250,0.0
2026-03-06 06:32:01,AXISBANK,31MAR2026,1320,CE,251250,251250,0.0
2026-03-06 06:32:01,AXISBANK,31MAR2026,1320,PE,788750,787500,0.16
2026-03-06 06:32:01,AXISBANK,31MAR2026,1340,CE,750625,750625,0.0
2026-03-06 06:32:01,AXISBANK,31MAR2026,1340,PE,1041875,1041875,0.0
2026-03-06 06:33:09,AXISBANK,31MAR2026,1300,CE,306875,306875,0.0
2026-03-06 06:33:09,AXISBANK,31MAR2026,1300,PE,683750,691250,-1.08
2026-03-06 06:33:09,AXISBANK,31MAR2026,1320,CE,241250,251250,-3.98
2026-03-06 06:33:09,AXISBANK,31MAR2026,1320,PE,788750,788750,0.0
2026-03-06 06:33:09,AXISBANK,31MAR2026,1340,CE,752500,750625,0.25
2026-03-06 06:33:09,AXISBANK,31MAR2026,1340,PE,1041875,1041875,0.0
2026-03-06 06:34:13,AXISBANK,31MAR2026,1300,CE,306875,306875,0.0
2026-03-06 06:34:13,AXISBANK,31MAR2026,1300,PE,683750,683750,0.0
2026-03-06 06:34:13,AXISBANK,31MAR2026,1320,CE,241250,241250,0.0
2026-03-06 06:34:13,AXISBANK,31MAR2026,1320,PE,788750,788750,0.0
2026-03-06 06:34:13,AXISBANK,31MAR2026,1340,CE,752500,752500,0.0
2026-03-06 06:34:13,AXISBANK,31MAR2026,1340,PE,1041875,1041875,0.0
2026-03-06 06:35:17,AXISBANK,31MAR2026,1300,CE,306875,306875,0.0
2026-03-06 06:35:17,AXISBANK,31MAR2026,1300,PE,683750,683750,0.0
2026-03-06 06:35:17,AXISBANK,31MAR2026,1320,CE,241250,241250,0.0
2026-03-06 06:35:17,AXISBANK,31MAR2026,1320,PE,781250,788750,-0.95
2026-03-06 06:35:17,AXISBANK,31MAR2026,1340,CE,751875,752500,-0.08
2026-03-06 06:35:17,AXISBANK,31MAR2026,1340,PE,1043750,1041875,0.18
2026-03-06 06:36:24,AXISBANK,31MAR2026,1300,CE,307500,306875,0.2
2026-03-06 06:36:24,AXISBANK,31MAR2026,1300,PE,683750,683750,0.0
2026-03-06 06:36:24,AXISBANK,31MAR2026,1320,CE,238750,241250,-1.04
2026-03-06 06:36:24,AXISBANK,31MAR2026,1320,PE,781250,781250,0.0
2026-03-06 06:36:24,AXISBANK,31MAR2026,1340,CE,751875,751875,0.0
2026-03-06 06:36:24,AXISBANK,31MAR2026,1340,PE,1043125,1043750,-0.06
2026-03-06 06:37:41,AXISBANK,31MAR2026,1300,CE,307500,307500,0.0
2026-03-06 06:37:41,AXISBANK,31MAR2026,1300,PE,683750,683750,0.0
2026-03-06 06:37:41,AXISBANK,31MAR2026,1320,CE,238750,238750,0.0
2026-03-06 06:37:41,AXISBANK,31MAR2026,1320,PE,781250,781250,0.0
2026-03-06 06:37:41,AXISBANK,31MAR2026,1340,CE,751875,751875,0.0
2026-03-06 06:37:41,AXISBANK,31MAR2026,1340,PE,1043125,1043125,0.0
2026-03-06 06:38:46,AXISBANK,31MAR2026,1300,CE,307500,307500,0.0
2026-03-06 06:38:46,AXISBANK,31MAR2026,1300,PE,686250,683750,0.37
2026-03-06 06:38:46,AXISBANK,31MAR2026,1320,CE,239375,238750,0.26
2026-03-06 06:38:46,AXISBANK,31MAR2026,1320,PE,780625,781250,-0.08
2026-03-06 06:38:46,AXISBANK,31MAR2026,1340,CE,733750,751875,-2.41
2026-03-06 06:38:46,AXISBANK,31MAR2026,1340,PE,1043125,1043125,0.0
2026-03-06 06:39:56,AXISBANK,31MAR2026,1300,CE,307500,307500,0.0
2026-03-06 06:39:56,AXISBANK,31MAR2026,1300,PE,686250,686250,0.0
2026-03-06 06:39:56,AXISBANK,31MAR2026,1320,CE,239375,239375,0.0
2026-03-06 06:39:56,AXISBANK,31MAR2026,1320,PE,780625,780625,0.0
2026-03-06 06:39:56,AXISBANK,31MAR2026,1340,CE,733750,733750,0.0
2026-03-06 06:39:56,AXISBANK,31MAR2026,1340,PE,1041250,1043125,-0.18
2026-03-06 06:41:01,AXISBANK,31MAR2026,1300,CE,307500,307500,0.0
2026-03-06 06:41:01,AXISBANK,31MAR2026,1300,PE,677500,686250,-1.28
2026-03-06 06:41:01,AXISBANK,31MAR2026,1320,CE,239375,239375,0.0
2026-03-06 06:41:01,AXISBANK,31MAR2026,1320,PE,776875,780625,-0.48
2026-03-06 06:41:01,AXISBANK,31MAR2026,1340,CE,733750,733750,0.0
2026-03-06 06:41:01,AXISBANK,31MAR2026,1340,PE,1041250,1041250,0.0
2026-03-06 06:42:05,AXISBANK,31MAR2026,1300,CE,306875,307500,-0.2
2026-03-06 06:42:05,AXISBANK,31MAR2026,1300,PE,677500,677500,0.0
2026-03-06 06:42:05,AXISBANK,31MAR2026,1320,CE,239375,239375,0.0
2026-03-06 06:42:05,AXISBANK,31MAR2026,1320,PE,776875,776875,0.0
2026-03-06 06:42:05,AXISBANK,31MAR2026,1340,CE,733750,733750,0.0
2026-03-06 06:42:05,AXISBANK,31MAR2026,1340,PE,1041250,1041250,0.0
2026-03-06 06:43:08,AXISBANK,31MAR2026,1300,CE,306875,306875,0.0
2026-03-06 06:43:08,AXISBANK,31MAR2026,1300,PE,677500,677500,0.0
2026-03-06 06:43:08,AXISBANK,31MAR2026,1320,CE,239375,239375,0.0
2026-03-06 06:43:08,AXISBANK,31MAR2026,1320,PE,776875,776875,0.0
2026-03-06 06:43:08,AXISBANK,31MAR2026,1340,CE,733750,733750,0.0
2026-03-06 06:43:08,AXISBANK,31MAR2026,1340,PE,1041250,1041250,0.0
2026-03-06 06:44:22,AXISBANK,31MAR2026,1300,CE,306875,306875,0.0
2026-03-06 06:44:22,AXISBANK,31MAR2026,1300,PE,668125,677500,-1.38
2026-03-06 06:44:22,AXISBANK,31MAR2026,1320,CE,238125,239375,-0.52
2026-03-06 06:44:22,AXISBANK,31MAR2026,1320,PE,765000,776875,-1.53
2026-03-06 06:44:22,AXISBANK,31MAR2026,1340,CE,733125,733750,-0.09
2026-03-06 06:44:22,AXISBANK,31MAR2026,1340,PE,1039375,1041250,-0.18
2026-03-06 06:45:27,AXISBANK,31MAR2026,1300,CE,305625,306875,-0.41
2026-03-06 06:45:27,AXISBANK,31MAR2026,1300,PE,668125,668125,0.0
2026-03-06 06:45:27,AXISBANK,31MAR2026,1320,CE,238125,238125,0.0
2026-03-06 06:45:27,AXISBANK,31MAR2026,1320,PE,765000,765000,0.0
2026-03-06 06:45:27,AXISBANK,31MAR2026,1340,CE,733125,733125,0.0
2026-03-06 06:45:27,AXISBANK,31MAR2026,1340,PE,1039375,1039375,0.0
2026-03-06 06:46:32,AXISBANK,31MAR2026,1300,CE,305625,305625,0.0
2026-03-06 06:46:32,AXISBANK,31MAR2026,1300,PE,668125,668125,0.0
2026-03-06 06:46:32,AXISBANK,31MAR2026,1320,CE,238125,238125,0.0
2026-03-06 06:46:32,AXISBANK,31MAR2026,1320,PE,765000,765000,0.0
2026-03-06 06:46:32,AXISBANK,31MAR2026,1340,CE,733125,733125,0.0
2026-03-06 06:46:32,AXISBANK,31MAR2026,1340,PE,1039375,1039375,0.0
2026-03-06 06:47:45,AXISBANK,31MAR2026,1300,CE,305625,305625,0.0
2026-03-06 06:47:45,AXISBANK,31MAR2026,1300,PE,670000,668125,0.28
2026-03-06 06:47:45,AXISBANK,31MAR2026,1320,CE,241875,238125,1.57
2026-03-06 06:47:45,AXISBANK,31MAR2026,1320,PE,764375,765000,-0.08
2026-03-06 06:47:45,AXISBANK,31MAR2026,1340,CE,731250,733125,-0.26
2026-03-06 06:47:45,AXISBANK,31MAR2026,1340,PE,1039375,1039375,0.0
2026-03-06 06:48:52,AXISBANK,31MAR2026,1300,CE,305625,305625,0.0
2026-03-06 06:48:52,AXISBANK,31MAR2026,1300,PE,670000,670000,0.0
2026-03-06 06:48:52,AXISBANK,31MAR2026,1320,CE,241875,241875,0.0
2026-03-06 06:48:52,AXISBANK,31MAR2026,1320,PE,764375,764375,0.0
2026-03-06 06:48:52,AXISBANK,31MAR2026,1340,CE,731250,731250,0.0
2026-03-06 06:48:52,AXISBANK,31MAR2026,1340,PE,1039375,1039375,0.0
2026-03-06 06:50:00,AXISBANK,31MAR2026,1300,CE,305625,305625,0.0
2026-03-06 06:50:00,AXISBANK,31MAR2026,1300,PE,670000,670000,0.0
2026-03-06 06:50:00,AXISBANK,31MAR2026,1320,CE,241875,241875,0.0
2026-03-06 06:50:00,AXISBANK,31MAR2026,1320,PE,764375,764375,0.0
2026-03-06 06:50:00,AXISBANK,31MAR2026,1340,CE,731250,731250,0.0
2026-03-06 06:50:00,AXISBANK,31MAR2026,1340,PE,1040000,1039375,0.06
2026-03-06 06:51:08,AXISBANK,31MAR2026,1300,CE,305625,305625,0.0
2026-03-06 06:51:08,AXISBANK,31MAR2026,1300,PE,666250,670000,-0.56
2026-03-06 06:51:08,AXISBANK,31MAR2026,1320,CE,240000,241875,-0.78
2026-03-06 06:51:08,AXISBANK,31MAR2026,1320,PE,764375,764375,0.0
2026-03-06 06:51:08,AXISBANK,31MAR2026,1340,CE,731250,731250,0.0
2026-03-06 06:51:08,AXISBANK,31MAR2026,1340,PE,1040000,1040000,0.0
2026-03-06 06:52:15,AXISBANK,31MAR2026,1300,CE,305625,305625,0.0
2026-03-06 06:52:15,AXISBANK,31MAR2026,1300,PE,666250,666250,0.0
2026-03-06 06:52:15,AXISBANK,31MAR2026,1320,CE,240000,240000,0.0
2026-03-06 06:52:15,AXISBANK,31MAR2026,1320,PE,764375,764375,0.0
2026-03-06 06:52:15,AXISBANK,31MAR2026,1340,CE,731250,731250,0.0
2026-03-06 06:52:15,AXISBANK,31MAR2026,1340,PE,1040000,1040000,0.0
2026-03-06 06:53:22,AXISBANK,31MAR2026,1300,CE,305625,305625,0.0
2026-03-06 06:53:22,AXISBANK,31MAR2026,1300,PE,674375,666250,1.22
2026-03-06 06:53:22,AXISBANK,31MAR2026,1320,CE,241250,240000,0.52
2026-03-06 06:53:22,AXISBANK,31MAR2026,1320,PE,764375,764375,0.0
2026-03-06 06:53:22,AXISBANK,31MAR2026,1340,CE,731250,731250,0.0
2026-03-06 06:53:22,AXISBANK,31MAR2026,1340,PE,1040000,1040000,0.0
2026-03-06 06:54:24,AXISBANK,31MAR2026,1300,CE,309375,305625,1.23
2026-03-06 06:54:24,AXISBANK,31MAR2026,1300,PE,674375,674375,0.0
2026-03-06 06:54:24,AXISBANK,31MAR2026,1320,CE,241250,241250,0.0
2026-03-06 06:54:24,AXISBANK,31MAR2026,1320,PE,764375,764375,0.0
2026-03-06 06:54:24,AXISBANK,31MAR2026,1340,CE,730000,731250,-0.17
2026-03-06 06:54:24,AXISBANK,31MAR2026,1340,PE,1040000,1040000,0.0
2026-03-06 06:55:29,AXISBANK,31MAR2026,1300,CE,309375,309375,0.0
2026-03-06 06:55:29,AXISBANK,31MAR2026,1300,PE,674375,674375,0.0
2026-03-06 06:55:29,AXISBANK,31MAR2026,1320,CE,241250,241250,0.0
2026-03-06 06:55:29,AXISBANK,31MAR2026,1320,PE,764375,764375,0.0
2026-03-06 06:55:29,AXISBANK,31MAR2026,1340,CE,730000,730000,0.0
2026-03-06 06:55:29,AXISBANK,31MAR2026,1340,PE,1040000,1040000,0.0
2026-03-06 06:56:32,AXISBANK,31MAR2026,1300,CE,309375,309375,0.0
2026-03-06 06:56:32,AXISBANK,31MAR2026,1300,PE,667500,674375,-1.02
2026-03-06 06:56:32,AXISBANK,31MAR2026,1320,CE,241250,241250,0.0
2026-03-06 06:56:32,AXISBANK,31MAR2026,1320,PE,764375,764375,0.0
2026-03-06 06:56:32,AXISBANK,31MAR2026,1340,CE,730000,730000,0.0
2026-03-06 06:56:32,AXISBANK,31MAR2026,1340,PE,1038750,1040000,-0.12
2026-03-06 06:57:45,AXISBANK,31MAR2026,1300,CE,309375,309375,0.0
2026-03-06 06:57:45,AXISBANK,31MAR2026,1300,PE,667500,667500,0.0
2026-03-06 06:57:45,AXISBANK,31MAR2026,1320,CE,241250,241250,0.0
2026-03-06 06:57:45,AXISBANK,31MAR2026,1320,PE,761875,764375,-0.33
2026-03-06 06:57:45,AXISBANK,31MAR2026,1340,CE,730000,730000,0.0
2026-03-06 06:57:45,AXISBANK,31MAR2026,1340,PE,1038750,1038750,0.0
2026-03-06 06:58:54,AXISBANK,31MAR2026,1300,CE,309375,309375,0.0
2026-03-06 06:58:54,AXISBANK,31MAR2026,1300,PE,668750,667500,0.19
2026-03-06 06:58:54,AXISBANK,31MAR2026,1320,CE,241250,241250,0.0
2026-03-06 06:58:54,AXISBANK,31MAR2026,1320,PE,761875,761875,0.0
2026-03-06 06:58:54,AXISBANK,31MAR2026,1340,CE,730000,730000,0.0
2026-03-06 06:58:54,AXISBANK,31MAR2026,1340,PE,1038750,1038750,0.0
2026-03-06 07:00:03,AXISBANK,31MAR2026,1300,CE,309375,309375,0.0
2026-03-06 07:00:03,AXISBANK,31MAR2026,1300,PE,668750,668750,0.0
2026-03-06 07:00:03,AXISBANK,31MAR2026,1320,CE,241875,241250,0.26
2026-03-06 07:00:03,AXISBANK,31MAR2026,1320,PE,765625,761875,0.49
2026-03-06 07:00:03,AXISBANK,31MAR2026,1340,CE,726250,730000,-0.51
2026-03-06 07:00:03,AXISBANK,31MAR2026,1340,PE,1038750,1038750,0.0
2026-03-06 07:01:15,AXISBANK,31MAR2026,1300,CE,308750,309375,-0.2
2026-03-06 07:01:15,AXISBANK,31MAR2026,1300,PE,668750,668750,0.0
2026-03-06 07:01:15,AXISBANK,31MAR2026,1320,CE,241875,241875,0.0
2026-03-06 07:01:15,AXISBANK,31MAR2026,1320,PE,765625,765625,0.0
2026-03-06 07:01:15,AXISBANK,31MAR2026,1340,CE,726250,726250,0.0
2026-03-06 07:01:15,AXISBANK,31MAR2026,1340,PE,1038750,1038750,0.0
2026-03-06 07:02:30,AXISBANK,31MAR2026,1300,CE,308750,308750,0.0
2026-03-06 07:02:30,AXISBANK,31MAR2026,1300,PE,669375,668750,0.09
2026-03-06 07:02:31,AXISBANK,31MAR2026,1320,CE,238125,241875,-1.55
2026-03-06 07:02:31,AXISBANK,31MAR2026,1320,PE,768750,765625,0.41
2026-03-06 07:02:31,AXISBANK,31MAR2026,1340,CE,726250,726250,0.0
2026-03-06 07:02:31,AXISBANK,31MAR2026,1340,PE,1038125,1038750,-0.06
2026-03-06 07:03:40,AXISBANK,31MAR2026,1300,CE,308750,308750,0.0
2026-03-06 07:03:40,AXISBANK,31MAR2026,1300,PE,669375,669375,0.0
2026-03-06 07:03:40,AXISBANK,31MAR2026,1320,CE,238125,238125,0.0
2026-03-06 07:03:40,AXISBANK,31MAR2026,1320,PE,768750,768750,0.0
2026-03-06 07:03:40,AXISBANK,31MAR2026,1340,CE,730625,726250,0.6
2026-03-06 07:03:40,AXISBANK,31MAR2026,1340,PE,1040000,1038125,0.18
2026-03-06 07:04:43,AXISBANK,31MAR2026,1300,CE,308750,308750,0.0
2026-03-06 07:04:43,AXISBANK,31MAR2026,1300,PE,669375,669375,0.0
2026-03-06 07:04:43,AXISBANK,31MAR2026,1320,CE,238125,238125,0.0
2026-03-06 07:04:43,AXISBANK,31MAR2026,1320,PE,768750,768750,0.0
2026-03-06 07:04:43,AXISBANK,31MAR2026,1340,CE,730625,730625,0.0
2026-03-06 07:04:43,AXISBANK,31MAR2026,1340,PE,1040000,1040000,0.0
2026-03-06 07:05:49,AXISBANK,31MAR2026,1300,CE,308750,308750,0.0
2026-03-06 07:05:49,AXISBANK,31MAR2026,1300,PE,671875,669375,0.37
2026-03-06 07:05:49,AXISBANK,31MAR2026,1320,CE,238125,238125,0.0
2026-03-06 07:05:49,AXISBANK,31MAR2026,1320,PE,775000,768750,0.81
2026-03-06 07:05:49,AXISBANK,31MAR2026,1340,CE,725625,730625,-0.68
2026-03-06 07:05:49,AXISBANK,31MAR2026,1340,PE,1038750,1040000,-0.12
2026-03-06 07:07:00,AXISBANK,31MAR2026,1300,CE,309375,308750,0.2
2026-03-06 07:07:00,AXISBANK,31MAR2026,1300,PE,671875,671875,0.0
2026-03-06 07:07:00,AXISBANK,31MAR2026,1320,CE,238125,238125,0.0
2026-03-06 07:07:00,AXISBANK,31MAR2026,1320,PE,775000,775000,0.0
2026-03-06 07:07:00,AXISBANK,31MAR2026,1340,CE,725625,725625,0.0
2026-03-06 07:07:00,AXISBANK,31MAR2026,1340,PE,1038750,1038750,0.0
2026-03-06 07:08:06,AXISBANK,31MAR2026,1300,CE,309375,309375,0.0
2026-03-06 07:08:06,AXISBANK,31MAR2026,1300,PE,671875,671875,0.0
2026-03-06 07:08:06,AXISBANK,31MAR2026,1320,CE,238125,238125,0.0
2026-03-06 07:08:06,AXISBANK,31MAR2026,1320,PE,775000,775000,0.0
2026-03-06 07:08:06,AXISBANK,31MAR2026,1340,CE,725625,725625,0.0
2026-03-06 07:08:06,AXISBANK,31MAR2026,1340,PE,1038750,1038750,0.0
2026-03-06 07:09:11,AXISBANK,31MAR2026,1300,CE,309375,309375,0.0
2026-03-06 07:09:11,AXISBANK,31MAR2026,1300,PE,674375,671875,0.37
2026-03-06 07:09:11,AXISBANK,31MAR2026,1320,CE,238125,238125,0.0
2026-03-06 07:09:11,AXISBANK,31MAR2026,1320,PE,785625,775000,1.37
2026-03-06 07:09:11,AXISBANK,31MAR2026,1340,CE,725625,725625,0.0
2026-03-06 07:09:11,AXISBANK,31MAR2026,1340,PE,1038125,1038750,-0.06
2026-03-06 07:10:16,AXISBANK,31MAR2026,1300,CE,309375,309375,0.0
2026-03-06 07:10:16,AXISBANK,31MAR2026,1300,PE,674375,674375,0.0
2026-03-06 07:10:16,AXISBANK,31MAR2026,1320,CE,233750,238125,-1.84
2026-03-06 07:10:16,AXISBANK,31MAR2026,1320,PE,785625,785625,0.0
2026-03-06 07:10:16,AXISBANK,31MAR2026,1340,CE,725625,725625,0.0
2026-03-06 07:10:16,AXISBANK,31MAR2026,1340,PE,1038125,1038125,0.0
2026-03-06 07:11:22,AXISBANK,31MAR2026,1300,CE,309375,309375,0.0
2026-03-06 07:11:22,AXISBANK,31MAR2026,1300,PE,676875,674375,0.37
2026-03-06 07:11:22,AXISBANK,31MAR2026,1320,CE,233750,233750,0.0
2026-03-06 07:11:22,AXISBANK,31MAR2026,1320,PE,788125,785625,0.32
2026-03-06 07:11:22,AXISBANK,31MAR2026,1340,CE,725625,725625,0.0
2026-03-06 07:11:22,AXISBANK,31MAR2026,1340,PE,1038125,1038125,0.0
2026-03-06 07:12:27,AXISBANK,31MAR2026,1300,CE,309375,309375,0.0
2026-03-06 07:12:27,AXISBANK,31MAR2026,1300,PE,676875,676875,0.0
2026-03-06 07:12:27,AXISBANK,31MAR2026,1320,CE,233750,233750,0.0
2026-03-06 07:12:27,AXISBANK,31MAR2026,1320,PE,788125,788125,0.0
2026-03-06 07:12:27,AXISBANK,31MAR2026,1340,CE,731250,725625,0.78
2026-03-06 07:12:27,AXISBANK,31MAR2026,1340,PE,1038750,1038125,0.06
2026-03-06 07:13:32,AXISBANK,31MAR2026,1300,CE,309375,309375,0.0
2026-03-06 07:13:32,AXISBANK,31MAR2026,1300,PE,676875,676875,0.0
2026-03-06 07:13:32,AXISBANK,31MAR2026,1320,CE,233750,233750,0.0
2026-03-06 07:13:32,AXISBANK,31MAR2026,1320,PE,788125,788125,0.0
2026-03-06 07:13:32,AXISBANK,31MAR2026,1340,CE,731250,731250,0.0
2026-03-06 07:13:32,AXISBANK,31MAR2026,1340,PE,1038750,1038750,0.0
2026-03-06 07:14:41,AXISBANK,31MAR2026,1300,CE,309375,309375,0.0
2026-03-06 07:14:41,AXISBANK,31MAR2026,1300,PE,677500,676875,0.09
2026-03-06 07:14:41,AXISBANK,31MAR2026,1320,CE,233750,233750,0.0
2026-03-06 07:14:41,AXISBANK,31MAR2026,1320,PE,793125,788125,0.63
2026-03-06 07:14:41,AXISBANK,31MAR2026,1340,CE,733125,731250,0.26
2026-03-06 07:14:41,AXISBANK,31MAR2026,1340,PE,1038750,1038750,0.0
2026-03-06 07:15:44,AXISBANK,31MAR2026,1300,CE,309375,309375,0.0
2026-03-06 07:15:44,AXISBANK,31MAR2026,1300,PE,677500,677500,0.0
2026-03-06 07:15:44,AXISBANK,31MAR2026,1320,CE,233125,233750,-0.27
2026-03-06 07:15:44,AXISBANK,31MAR2026,1320,PE,793125,793125,0.0
2026-03-06 07:15:44,AXISBANK,31MAR2026,1340,CE,733125,733125,0.0
2026-03-06 07:15:44,AXISBANK,31MAR2026,1340,PE,1040625,1038750,0.18
2026-03-06 07:16:47,AXISBANK,31MAR2026,1300,CE,309375,309375,0.0
2026-03-06 07:16:47,AXISBANK,31MAR2026,1300,PE,677500,677500,0.0
2026-03-06 07:16:47,AXISBANK,31MAR2026,1320,CE,233125,233125,0.0
2026-03-06 07:16:47,AXISBANK,31MAR2026,1320,PE,793125,793125,0.0
2026-03-06 07:16:47,AXISBANK,31MAR2026,1340,CE,733125,733125,0.0
2026-03-06 07:16:47,AXISBANK,31MAR2026,1340,PE,1040625,1040625,0.0
2026-03-06 07:17:55,AXISBANK,31MAR2026,1300,CE,309375,309375,0.0
2026-03-06 07:17:55,AXISBANK,31MAR2026,1300,PE,678125,677500,0.09
2026-03-06 07:17:55,AXISBANK,31MAR2026,1320,CE,232500,233125,-0.27
2026-03-06 07:17:55,AXISBANK,31MAR2026,1320,PE,781250,793125,-1.5
2026-03-06 07:17:55,AXISBANK,31MAR2026,1340,CE,735625,733125,0.34
2026-03-06 07:17:55,AXISBANK,31MAR2026,1340,PE,1040625,1040625,0.0
2026-03-06 07:18:58,AXISBANK,31MAR2026,1300,CE,309375,309375,0.0
2026-03-06 07:18:58,AXISBANK,31MAR2026,1300,PE,678125,678125,0.0
2026-03-06 07:18:58,AXISBANK,31MAR2026,1320,CE,232500,232500,0.0
2026-03-06 07:18:58,AXISBANK,31MAR2026,1320,PE,781250,781250,0.0
2026-03-06 07:18:58,AXISBANK,31MAR2026,1340,CE,735625,735625,0.0
2026-03-06 07:18:58,AXISBANK,31MAR2026,1340,PE,1039375,1040625,-0.12
2026-03-06 07:20:12,AXISBANK,31MAR2026,1300,CE,309375,309375,0.0
2026-03-06 07:20:12,AXISBANK,31MAR2026,1300,PE,678125,678125,0.0
2026-03-06 07:20:12,AXISBANK,31MAR2026,1320,CE,232500,232500,0.0
2026-03-06 07:20:12,AXISBANK,31MAR2026,1320,PE,781250,781250,0.0
2026-03-06 07:20:12,AXISBANK,31MAR2026,1340,CE,735625,735625,0.0
2026-03-06 07:20:12,AXISBANK,31MAR2026,1340,PE,1039375,1039375,0.0
2026-03-06 07:21:19,AXISBANK,31MAR2026,1300,CE,309375,309375,0.0
2026-03-06 07:21:19,AXISBANK,31MAR2026,1300,PE,678125,678125,0.0
2026-03-06 07:21:19,AXISBANK,31MAR2026,1320,CE,232500,232500,0.0
2026-03-06 07:21:19,AXISBANK,31MAR2026,1320,PE,781250,781250,0.0
2026-03-06 07:21:19,AXISBANK,31MAR2026,1340,CE,735625,735625,0.0
2026-03-06 07:21:19,AXISBANK,31MAR2026,1340,PE,1039375,1039375,0.0
2026-03-06 07:22:27,AXISBANK,31MAR2026,1300,CE,309375,309375,0.0
2026-03-06 07:22:27,AXISBANK,31MAR2026,1300,PE,678125,678125,0.0
2026-03-06 07:22:27,AXISBANK,31MAR2026,1320,CE,234375,232500,0.81
2026-03-06 07:22:27,AXISBANK,31MAR2026,1320,PE,780625,781250,-0.08
2026-03-06 07:22:27,AXISBANK,31MAR2026,1340,CE,737500,735625,0.25
2026-03-06 07:22:27,AXISBANK,31MAR2026,1340,PE,1039375,1039375,0.0
2026-03-06 07:23:34,AXISBANK,31MAR2026,1300,CE,309375,309375,0.0
2026-03-06 07:23:34,AXISBANK,31MAR2026,1300,PE,678125,678125,0.0
2026-03-06 07:23:34,AXISBANK,31MAR2026,1320,CE,234375,234375,0.0
2026-03-06 07:23:34,AXISBANK,31MAR2026,1320,PE,780625,780625,0.0
2026-03-06 07:23:34,AXISBANK,31MAR2026,1340,CE,737500,737500,0.0
2026-03-06 07:23:34,AXISBANK,31MAR2026,1340,PE,1039375,1039375,0.0
2026-03-06 07:24:37,AXISBANK,31MAR2026,1300,CE,309375,309375,0.0
2026-03-06 07:24:37,AXISBANK,31MAR2026,1300,PE,676875,678125,-0.18
2026-03-06 07:24:37,AXISBANK,31MAR2026,1320,CE,234375,234375,0.0
2026-03-06 07:24:37,AXISBANK,31MAR2026,1320,PE,780625,780625,0.0
2026-03-06 07:24:37,AXISBANK,31MAR2026,1340,CE,736875,737500,-0.08
2026-03-06 07:24:37,AXISBANK,31MAR2026,1340,PE,1039375,1039375,0.0
2026-03-06 07:25:41,AXISBANK,31MAR2026,1300,CE,309375,309375,0.0
2026-03-06 07:25:41,AXISBANK,31MAR2026,1300,PE,676875,676875,0.0
2026-03-06 07:25:41,AXISBANK,31MAR2026,1320,CE,234375,234375,0.0
2026-03-06 07:25:41,AXISBANK,31MAR2026,1320,PE,780625,780625,0.0
2026-03-06 07:25:41,AXISBANK,31MAR2026,1340,CE,736875,736875,0.0
2026-03-06 07:25:41,AXISBANK,31MAR2026,1340,PE,1039375,1039375,0.0
2026-03-06 07:26:44,AXISBANK,31MAR2026,1300,CE,309375,309375,0.0
2026-03-06 07:26:44,AXISBANK,31MAR2026,1300,PE,676875,676875,0.0
2026-03-06 07:26:44,AXISBANK,31MAR2026,1320,CE,234375,234375,0.0
2026-03-06 07:26:44,AXISBANK,31MAR2026,1320,PE,781875,780625,0.16
2026-03-06 07:26:44,AXISBANK,31MAR2026,1340,CE,736875,736875,0.0
2026-03-06 07:26:44,AXISBANK,31MAR2026,1340,PE,1039375,1039375,0.0
2026-03-06 07:27:48,AXISBANK,31MAR2026,1300,CE,308750,309375,-0.2
2026-03-06 07:27:48,AXISBANK,31MAR2026,1300,PE,678750,676875,0.28
2026-03-06 07:27:48,AXISBANK,31MAR2026,1320,CE,233125,234375,-0.53
2026-03-06 07:27:48,AXISBANK,31MAR2026,1320,PE,781875,781875,0.0
2026-03-06 07:27:48,AXISBANK,31MAR2026,1340,CE,736875,736875,0.0
2026-03-06 07:27:48,AXISBANK,31MAR2026,1340,PE,1039375,1039375,0.0
2026-03-06 07:28:54,AXISBANK,31MAR2026,1300,CE,308750,308750,0.0
2026-03-06 07:28:54,AXISBANK,31MAR2026,1300,PE,678750,678750,0.0
2026-03-06 07:28:54,AXISBANK,31MAR2026,1320,CE,233125,233125,0.0
2026-03-06 07:28:54,AXISBANK,31MAR2026,1320,PE,781875,781875,0.0
2026-03-06 07:28:54,AXISBANK,31MAR2026,1340,CE,736875,736875,0.0
2026-03-06 07:28:54,AXISBANK,31MAR2026,1340,PE,1039375,1039375,0.0
2026-03-06 07:29:57,AXISBANK,31MAR2026,1300,CE,308750,308750,0.0
2026-03-06 07:29:57,AXISBANK,31MAR2026,1300,PE,678750,678750,0.0
2026-03-06 07:29:57,AXISBANK,31MAR2026,1320,CE,233125,233125,0.0
2026-03-06 07:29:57,AXISBANK,31MAR2026,1320,PE,781875,781875,0.0
2026-03-06 07:29:57,AXISBANK,31MAR2026,1340,CE,736875,736875,0.0
2026-03-06 07:29:57,AXISBANK,31MAR2026,1340,PE,1039375,1039375,0.0
2026-03-06 07:31:02,AXISBANK,31MAR2026,1300,CE,308750,308750,0.0
2026-03-06 07:31:02,AXISBANK,31MAR2026,1300,PE,678750,678750,0.0
2026-03-06 07:31:02,AXISBANK,31MAR2026,1320,CE,233125,233125,0.0
2026-03-06 07:31:02,AXISBANK,31MAR2026,1320,PE,781875,781875,0.0
2026-03-06 07:31:02,AXISBANK,31MAR2026,1340,CE,736875,736875,0.0
2026-03-06 07:31:02,AXISBANK,31MAR2026,1340,PE,1040000,1039375,0.06
2026-03-06 07:32:04,AXISBANK,31MAR2026,1300,CE,308750,308750,0.0
2026-03-06 07:32:04,AXISBANK,31MAR2026,1300,PE,677500,678750,-0.18
2026-03-06 07:32:04,AXISBANK,31MAR2026,1320,CE,233125,233125,0.0
2026-03-06 07:32:04,AXISBANK,31MAR2026,1320,PE,781875,781875,0.0
2026-03-06 07:32:04,AXISBANK,31MAR2026,1340,CE,733750,736875,-0.42
2026-03-06 07:32:04,AXISBANK,31MAR2026,1340,PE,1039375,1040000,-0.06
2026-03-06 07:33:10,AXISBANK,31MAR2026,1300,CE,308750,308750,0.0
2026-03-06 07:33:10,AXISBANK,31MAR2026,1300,PE,677500,677500,0.0
2026-03-06 07:33:10,AXISBANK,31MAR2026,1320,CE,233125,233125,0.0
2026-03-06 07:33:10,AXISBANK,31MAR2026,1320,PE,781875,781875,0.0
2026-03-06 07:33:10,AXISBANK,31MAR2026,1340,CE,733750,733750,0.0
2026-03-06 07:33:10,AXISBANK,31MAR2026,1340,PE,1039375,1039375,0.0
2026-03-06 07:34:15,AXISBANK,31MAR2026,1300,CE,308750,308750,0.0
2026-03-06 07:34:15,AXISBANK,31MAR2026,1300,PE,677500,677500,0.0
2026-03-06 07:34:15,AXISBANK,31MAR2026,1320,CE,233125,233125,0.0
2026-03-06 07:34:15,AXISBANK,31MAR2026,1320,PE,781875,781875,0.0
2026-03-06 07:34:15,AXISBANK,31MAR2026,1340,CE,733750,733750,0.0
2026-03-06 07:34:15,AXISBANK,31MAR2026,1340,PE,1039375,1039375,0.0
2026-03-06 07:35:17,AXISBANK,31MAR2026,1300,CE,308750,308750,0.0
2026-03-06 07:35:17,AXISBANK,31MAR2026,1300,PE,677500,677500,0.0
2026-03-06 07:35:17,AXISBANK,31MAR2026,1320,CE,233125,233125,0.0
2026-03-06 07:35:17,AXISBANK,31MAR2026,1320,PE,781875,781875,0.0
2026-03-06 07:35:17,AXISBANK,31MAR2026,1340,CE,731875,733750,-0.26
2026-03-06 07:35:17,AXISBANK,31MAR2026,1340,PE,1039375,1039375,0.0
2026-03-06 07:36:19,AXISBANK,31MAR2026,1300,CE,308750,308750,0.0
2026-03-06 07:36:19,AXISBANK,31MAR2026,1300,PE,678750,677500,0.18
2026-03-06 07:36:19,AXISBANK,31MAR2026,1320,CE,233125,233125,0.0
2026-03-06 07:36:19,AXISBANK,31MAR2026,1320,PE,781875,781875,0.0
2026-03-06 07:36:19,AXISBANK,31MAR2026,1340,CE,731875,731875,0.0
2026-03-06 07:36:19,AXISBANK,31MAR2026,1340,PE,1039375,1039375,0.0
2026-03-06 07:37:21,AXISBANK,31MAR2026,1300,CE,308750,308750,0.0
2026-03-06 07:37:21,AXISBANK,31MAR2026,1300,PE,678750,678750,0.0
2026-03-06 07:37:21,AXISBANK,31MAR2026,1320,CE,233125,233125,0.0
2026-03-06 07:37:21,AXISBANK,31MAR2026,1320,PE,781875,781875,0.0
2026-03-06 07:37:21,AXISBANK,31MAR2026,1340,CE,731875,731875,0.0
2026-03-06 07:37:21,AXISBANK,31MAR2026,1340,PE,1039375,1039375,0.0
2026-03-06 07:38:23,AXISBANK,31MAR2026,1300,CE,308750,308750,0.0
2026-03-06 07:38:23,AXISBANK,31MAR2026,1300,PE,679375,678750,0.09
2026-03-06 07:38:23,AXISBANK,31MAR2026,1320,CE,232500,233125,-0.27
2026-03-06 07:38:24,AXISBANK,31MAR2026,1320,PE,781250,781875,-0.08
2026-03-06 07:38:24,AXISBANK,31MAR2026,1340,CE,731875,731875,0.0
2026-03-06 07:38:24,AXISBANK,31MAR2026,1340,PE,1041875,1039375,0.24
2026-03-06 07:39:26,AXISBANK,31MAR2026,1300,CE,308750,308750,0.0
2026-03-06 07:39:26,AXISBANK,31MAR2026,1300,PE,679375,679375,0.0
2026-03-06 07:39:26,AXISBANK,31MAR2026,1320,CE,232500,232500,0.0
2026-03-06 07:39:26,AXISBANK,31MAR2026,1320,PE,781250,781250,0.0
2026-03-06 07:39:26,AXISBANK,31MAR2026,1340,CE,731875,731875,0.0
2026-03-06 07:39:26,AXISBANK,31MAR2026,1340,PE,1041875,1041875,0.0
2026-03-06 07:40:28,AXISBANK,31MAR2026,1300,CE,308750,308750,0.0
2026-03-06 07:40:28,AXISBANK,31MAR2026,1300,PE,679375,679375,0.0
2026-03-06 07:40:28,AXISBANK,31MAR2026,1320,CE,232500,232500,0.0
2026-03-06 07:40:28,AXISBANK,31MAR2026,1320,PE,781250,781250,0.0
2026-03-06 07:40:28,AXISBANK,31MAR2026,1340,CE,731250,731875,-0.09
2026-03-06 07:40:28,AXISBANK,31MAR2026,1340,PE,1041875,1041875,0.0
2026-03-06 07:41:30,AXISBANK,31MAR2026,1300,CE,308750,308750,0.0
2026-03-06 07:41:30,AXISBANK,31MAR2026,1300,PE,685000,679375,0.83
2026-03-06 07:41:30,AXISBANK,31MAR2026,1320,CE,232500,232500,0.0
2026-03-06 07:41:30,AXISBANK,31MAR2026,1320,PE,781875,781250,0.08
2026-03-06 07:41:30,AXISBANK,31MAR2026,1340,CE,731250,731250,0.0
2026-03-06 07:41:30,AXISBANK,31MAR2026,1340,PE,1041875,1041875,0.0
2026-03-06 07:42:32,AXISBANK,31MAR2026,1300,CE,308750,308750,0.0
2026-03-06 07:42:32,AXISBANK,31MAR2026,1300,PE,685000,685000,0.0
2026-03-06 07:42:32,AXISBANK,31MAR2026,1320,CE,231250,232500,-0.54
2026-03-06 07:42:32,AXISBANK,31MAR2026,1320,PE,781875,781875,0.0
2026-03-06 07:42:32,AXISBANK,31MAR2026,1340,CE,731250,731250,0.0
2026-03-06 07:42:32,AXISBANK,31MAR2026,1340,PE,1041875,1041875,0.0
2026-03-06 07:43:35,AXISBANK,31MAR2026,1300,CE,308750,308750,0.0
2026-03-06 07:43:35,AXISBANK,31MAR2026,1300,PE,685000,685000,0.0
2026-03-06 07:43:35,AXISBANK,31MAR2026,1320,CE,231250,231250,0.0
2026-03-06 07:43:35,AXISBANK,31MAR2026,1320,PE,781875,781875,0.0
2026-03-06 07:43:35,AXISBANK,31MAR2026,1340,CE,731250,731250,0.0
2026-03-06 07:43:35,AXISBANK,31MAR2026,1340,PE,1041875,1041875,0.0
2026-03-06 07:44:37,AXISBANK,31MAR2026,1300,CE,308750,308750,0.0
2026-03-06 07:44:37,AXISBANK,31MAR2026,1300,PE,685000,685000,0.0
2026-03-06 07:44:37,AXISBANK,31MAR2026,1320,CE,231250,231250,0.0
2026-03-06 07:44:38,AXISBANK,31MAR2026,1320,PE,781875,781875,0.0
2026-03-06 07:44:38,AXISBANK,31MAR2026,1340,CE,731250,731250,0.0
2026-03-06 07:44:38,AXISBANK,31MAR2026,1340,PE,1041875,1041875,0.0
2026-03-06 07:45:40,AXISBANK,31MAR2026,1300,CE,308750,308750,0.0
2026-03-06 07:45:40,AXISBANK,31MAR2026,1300,PE,686875,685000,0.27
2026-03-06 07:45:40,AXISBANK,31MAR2026,1320,CE,231250,231250,0.0
2026-03-06 07:45:40,AXISBANK,31MAR2026,1320,PE,781875,781875,0.0
2026-03-06 07:45:40,AXISBANK,31MAR2026,1340,CE,731250,731250,0.0
2026-03-06 07:45:40,AXISBANK,31MAR2026,1340,PE,1041875,1041875,0.0
2026-03-06 07:46:42,AXISBANK,31MAR2026,1300,CE,308750,308750,0.0
2026-03-06 07:46:42,AXISBANK,31MAR2026,1300,PE,686875,686875,0.0
2026-03-06 07:46:42,AXISBANK,31MAR2026,1320,CE,231250,231250,0.0
2026-03-06 07:46:42,AXISBANK,31MAR2026,1320,PE,781875,781875,0.0
2026-03-06 07:46:42,AXISBANK,31MAR2026,1340,CE,731250,731250,0.0
2026-03-06 07:46:42,AXISBANK,31MAR2026,1340,PE,1043125,1041875,0.12
2026-03-06 07:47:50,AXISBANK,31MAR2026,1300,CE,305625,308750,-1.01
2026-03-06 07:47:50,AXISBANK,31MAR2026,1300,PE,688125,686875,0.18
2026-03-06 07:47:50,AXISBANK,31MAR2026,1320,CE,232500,231250,0.54
2026-03-06 07:47:50,AXISBANK,31MAR2026,1320,PE,783750,781875,0.24
2026-03-06 07:47:50,AXISBANK,31MAR2026,1340,CE,733125,731250,0.26
2026-03-06 07:47:50,AXISBANK,31MAR2026,1340,PE,1041250,1043125,-0.18
2026-03-06 07:48:52,AXISBANK,31MAR2026,1300,CE,305625,305625,0.0
2026-03-06 07:48:52,AXISBANK,31MAR2026,1300,PE,688125,688125,0.0
2026-03-06 07:48:52,AXISBANK,31MAR2026,1320,CE,232500,232500,0.0
2026-03-06 07:48:52,AXISBANK,31MAR2026,1320,PE,783750,783750,0.0
2026-03-06 07:48:52,AXISBANK,31MAR2026,1340,CE,733125,733125,0.0
2026-03-06 07:48:52,AXISBANK,31MAR2026,1340,PE,1041250,1041250,0.0
2026-03-06 07:49:55,AXISBANK,31MAR2026,1300,CE,305625,305625,0.0
2026-03-06 07:49:55,AXISBANK,31MAR2026,1300,PE,688125,688125,0.0
2026-03-06 07:49:55,AXISBANK,31MAR2026,1320,CE,232500,232500,0.0
2026-03-06 07:49:55,AXISBANK,31MAR2026,1320,PE,783750,783750,0.0
2026-03-06 07:49:55,AXISBANK,31MAR2026,1340,CE,733125,733125,0.0
2026-03-06 07:49:55,AXISBANK,31MAR2026,1340,PE,1041250,1041250,0.0
2026-03-06 07:50:57,AXISBANK,31MAR2026,1300,CE,305625,305625,0.0
2026-03-06 07:50:57,AXISBANK,31MAR2026,1300,PE,678750,688125,-1.36
2026-03-06 07:50:57,AXISBANK,31MAR2026,1320,CE,232500,232500,0.0
2026-03-06 07:50:57,AXISBANK,31MAR2026,1320,PE,783750,783750,0.0
2026-03-06 07:50:57,AXISBANK,31MAR2026,1340,CE,733125,733125,0.0
2026-03-06 07:50:57,AXISBANK,31MAR2026,1340,PE,1041250,1041250,0.0
2026-03-06 07:51:59,AXISBANK,31MAR2026,1300,CE,305625,305625,0.0
2026-03-06 07:51:59,AXISBANK,31MAR2026,1300,PE,678750,678750,0.0
2026-03-06 07:51:59,AXISBANK,31MAR2026,1320,CE,230625,232500,-0.81
2026-03-06 07:51:59,AXISBANK,31MAR2026,1320,PE,784375,783750,0.08
2026-03-06 07:51:59,AXISBANK,31MAR2026,1340,CE,725625,733125,-1.02
2026-03-06 07:51:59,AXISBANK,31MAR2026,1340,PE,1041250,1041250,0.0
2026-03-06 07:53:01,AXISBANK,31MAR2026,1300,CE,304375,305625,-0.41
2026-03-06 07:53:01,AXISBANK,31MAR2026,1300,PE,678750,678750,0.0
2026-03-06 07:53:01,AXISBANK,31MAR2026,1320,CE,230625,230625,0.0
2026-03-06 07:53:01,AXISBANK,31MAR2026,1320,PE,784375,784375,0.0
2026-03-06 07:53:01,AXISBANK,31MAR2026,1340,CE,725625,725625,0.0
2026-03-06 07:53:01,AXISBANK,31MAR2026,1340,PE,1039375,1041250,-0.18
2026-03-06 07:54:03,AXISBANK,31MAR2026,1300,CE,304375,304375,0.0
2026-03-06 07:54:03,AXISBANK,31MAR2026,1300,PE,678750,678750,0.0
2026-03-06 07:54:03,AXISBANK,31MAR2026,1320,CE,230625,230625,0.0
2026-03-06 07:54:03,AXISBANK,31MAR2026,1320,PE,787500,784375,0.4
2026-03-06 07:54:03,AXISBANK,31MAR2026,1340,CE,720625,725625,-0.69
2026-03-06 07:54:03,AXISBANK,31MAR2026,1340,PE,1038125,1039375,-0.12
2026-03-06 07:55:05,AXISBANK,31MAR2026,1300,CE,304375,304375,0.0
2026-03-06 07:55:05,AXISBANK,31MAR2026,1300,PE,678750,678750,0.0
2026-03-06 07:55:05,AXISBANK,31MAR2026,1320,CE,230625,230625,0.0
2026-03-06 07:55:05,AXISBANK,31MAR2026,1320,PE,787500,787500,0.0
2026-03-06 07:55:05,AXISBANK,31MAR2026,1340,CE,720625,720625,0.0
2026-03-06 07:55:05,AXISBANK,31MAR2026,1340,PE,1038125,1038125,0.0
2026-03-06 07:56:07,AXISBANK,31MAR2026,1300,CE,304375,304375,0.0
2026-03-06 07:56:07,AXISBANK,31MAR2026,1300,PE,678750,678750,0.0
2026-03-06 07:56:07,AXISBANK,31MAR2026,1320,CE,230625,230625,0.0
2026-03-06 07:56:07,AXISBANK,31MAR2026,1320,PE,787500,787500,0.0
2026-03-06 07:56:07,AXISBANK,31MAR2026,1340,CE,720625,720625,0.0
2026-03-06 07:56:07,AXISBANK,31MAR2026,1340,PE,1038125,1038125,0.0
2026-03-06 07:57:09,AXISBANK,31MAR2026,1300,CE,304375,304375,0.0
2026-03-06 07:57:09,AXISBANK,31MAR2026,1300,PE,678750,678750,0.0
2026-03-06 07:57:10,AXISBANK,31MAR2026,1320,CE,231250,230625,0.27
2026-03-06 07:57:10,AXISBANK,31MAR2026,1320,PE,786875,787500,-0.08
2026-03-06 07:57:10,AXISBANK,31MAR2026,1340,CE,720625,720625,0.0
2026-03-06 07:57:10,AXISBANK,31MAR2026,1340,PE,1038125,1038125,0.0
2026-03-06 07:58:12,AXISBANK,31MAR2026,1300,CE,304375,304375,0.0
2026-03-06 07:58:12,AXISBANK,31MAR2026,1300,PE,678750,678750,0.0
2026-03-06 07:58:12,AXISBANK,31MAR2026,1320,CE,231250,231250,0.0
2026-03-06 07:58:12,AXISBANK,31MAR2026,1320,PE,786875,786875,0.0
2026-03-06 07:58:12,AXISBANK,31MAR2026,1340,CE,720625,720625,0.0
2026-03-06 07:58:12,AXISBANK,31MAR2026,1340,PE,1038125,1038125,0.0
2026-03-06 07:59:14,AXISBANK,31MAR2026,1300,CE,304375,304375,0.0
2026-03-06 07:59:14,AXISBANK,31MAR2026,1300,PE,678750,678750,0.0
2026-03-06 07:59:14,AXISBANK,31MAR2026,1320,CE,231250,231250,0.0
2026-03-06 07:59:14,AXISBANK,31MAR2026,1320,PE,786875,786875,0.0
2026-03-06 07:59:14,AXISBANK,31MAR2026,1340,CE,723125,720625,0.35
2026-03-06 07:59:14,AXISBANK,31MAR2026,1340,PE,1038750,1038125,0.06
2026-03-06 08:00:16,AXISBANK,31MAR2026,1300,CE,304375,304375,0.0
2026-03-06 08:00:16,AXISBANK,31MAR2026,1300,PE,659375,678750,-2.85
2026-03-06 08:00:16,AXISBANK,31MAR2026,1320,CE,229375,231250,-0.81
2026-03-06 08:00:16,AXISBANK,31MAR2026,1320,PE,788750,786875,0.24
2026-03-06 08:00:16,AXISBANK,31MAR2026,1340,CE,721250,723125,-0.26
2026-03-06 08:00:16,AXISBANK,31MAR2026,1340,PE,1037500,1038750,-0.12
2026-03-06 08:01:18,AXISBANK,31MAR2026,1300,CE,304375,304375,0.0
2026-03-06 08:01:18,AXISBANK,31MAR2026,1300,PE,659375,659375,0.0
2026-03-06 08:01:18,AXISBANK,31MAR2026,1320,CE,229375,229375,0.0
2026-03-06 08:01:18,AXISBANK,31MAR2026,1320,PE,788750,788750,0.0
2026-03-06 08:01:18,AXISBANK,31MAR2026,1340,CE,721250,721250,0.0
2026-03-06 08:01:18,AXISBANK,31MAR2026,1340,PE,1037500,1037500,0.0
2026-03-06 08:02:20,AXISBANK,31MAR2026,1300,CE,304375,304375,0.0
2026-03-06 08:02:20,AXISBANK,31MAR2026,1300,PE,660000,659375,0.09
2026-03-06 08:02:20,AXISBANK,31MAR2026,1320,CE,229375,229375,0.0
2026-03-06 08:02:20,AXISBANK,31MAR2026,1320,PE,788750,788750,0.0
2026-03-06 08:02:21,AXISBANK,31MAR2026,1340,CE,759375,721250,5.29
2026-03-06 08:02:21,AXISBANK,31MAR2026,1340,PE,1037500,1037500,0.0
2026-03-06 08:03:23,AXISBANK,31MAR2026,1300,CE,304375,304375,0.0
2026-03-06 08:03:23,AXISBANK,31MAR2026,1300,PE,660000,660000,0.0
2026-03-06 08:03:23,AXISBANK,31MAR2026,1320,CE,229375,229375,0.0
2026-03-06 08:03:23,AXISBANK,31MAR2026,1320,PE,783750,788750,-0.63
2026-03-06 08:03:23,AXISBANK,31MAR2026,1340,CE,759375,759375,0.0
2026-03-06 08:03:23,AXISBANK,31MAR2026,1340,PE,1037500,1037500,0.0
2026-03-06 08:04:25,AXISBANK,31MAR2026,1300,CE,304375,304375,0.0
2026-03-06 08:04:25,AXISBANK,31MAR2026,1300,PE,660000,660000,0.0
2026-03-06 08:04:25,AXISBANK,31MAR2026,1320,CE,229375,229375,0.0
2026-03-06 08:04:25,AXISBANK,31MAR2026,1320,PE,783750,783750,0.0
2026-03-06 08:04:25,AXISBANK,31MAR2026,1340,CE,759375,759375,0.0
2026-03-06 08:04:25,AXISBANK,31MAR2026,1340,PE,1035000,1037500,-0.24
2026-03-06 08:05:27,AXISBANK,31MAR2026,1300,CE,303750,304375,-0.21
2026-03-06 08:05:27,AXISBANK,31MAR2026,1300,PE,660000,660000,0.0
2026-03-06 08:05:27,AXISBANK,31MAR2026,1320,CE,227500,229375,-0.82
2026-03-06 08:05:27,AXISBANK,31MAR2026,1320,PE,782500,783750,-0.16
2026-03-06 08:05:27,AXISBANK,31MAR2026,1340,CE,783125,759375,3.13
2026-03-06 08:05:27,AXISBANK,31MAR2026,1340,PE,1035000,1035000,0.0
2026-03-06 08:06:31,AXISBANK,31MAR2026,1300,CE,303750,303750,0.0
2026-03-06 08:06:31,AXISBANK,31MAR2026,1300,PE,660000,660000,0.0
2026-03-06 08:06:31,AXISBANK,31MAR2026,1320,CE,227500,227500,0.0
2026-03-06 08:06:31,AXISBANK,31MAR2026,1320,PE,782500,782500,0.0
2026-03-06 08:06:31,AXISBANK,31MAR2026,1340,CE,783125,783125,0.0
2026-03-06 08:06:31,AXISBANK,31MAR2026,1340,PE,1035000,1035000,0.0
2026-03-06 08:07:34,AXISBANK,31MAR2026,1300,CE,303750,303750,0.0
2026-03-06 08:07:34,AXISBANK,31MAR2026,1300,PE,660000,660000,0.0
2026-03-06 08:07:34,AXISBANK,31MAR2026,1320,CE,227500,227500,0.0
2026-03-06 08:07:34,AXISBANK,31MAR2026,1320,PE,782500,782500,0.0
2026-03-06 08:07:34,AXISBANK,31MAR2026,1340,CE,783125,783125,0.0
2026-03-06 08:07:34,AXISBANK,31MAR2026,1340,PE,1035000,1035000,0.0
2026-03-06 08:08:48,AXISBANK,31MAR2026,1300,CE,303750,303750,0.0
2026-03-06 08:08:48,AXISBANK,31MAR2026,1300,PE,669375,660000,1.42
2026-03-06 08:08:48,AXISBANK,31MAR2026,1320,CE,227500,227500,0.0
2026-03-06 08:08:48,AXISBANK,31MAR2026,1320,PE,781875,782500,-0.08
2026-03-06 08:08:48,AXISBANK,31MAR2026,1340,CE,821875,783125,4.95
2026-03-06 08:08:48,AXISBANK,31MAR2026,1340,PE,1035000,1035000,0.0
2026-03-06 08:09:51,AXISBANK,31MAR2026,1300,CE,302500,303750,-0.41
2026-03-06 08:09:51,AXISBANK,31MAR2026,1300,PE,669375,669375,0.0
2026-03-06 08:09:51,AXISBANK,31MAR2026,1320,CE,227500,227500,0.0
2026-03-06 08:09:51,AXISBANK,31MAR2026,1320,PE,781875,781875,0.0
2026-03-06 08:09:51,AXISBANK,31MAR2026,1340,CE,821875,821875,0.0
2026-03-06 08:09:51,AXISBANK,31MAR2026,1340,PE,1030625,1035000,-0.42
2026-03-06 08:11:04,AXISBANK,31MAR2026,1300,CE,302500,302500,0.0
2026-03-06 08:11:04,AXISBANK,31MAR2026,1300,PE,669375,669375,0.0
2026-03-06 08:11:04,AXISBANK,31MAR2026,1320,CE,227500,227500,0.0
2026-03-06 08:11:04,AXISBANK,31MAR2026,1320,PE,781875,781875,0.0
2026-03-06 08:11:04,AXISBANK,31MAR2026,1340,CE,821875,821875,0.0
2026-03-06 08:11:04,AXISBANK,31MAR2026,1340,PE,1030625,1030625,0.0
2026-03-06 08:12:10,AXISBANK,31MAR2026,1300,CE,302500,302500,0.0
2026-03-06 08:12:10,AXISBANK,31MAR2026,1300,PE,668750,669375,-0.09
2026-03-06 08:12:10,AXISBANK,31MAR2026,1320,CE,227500,227500,0.0
2026-03-06 08:12:10,AXISBANK,31MAR2026,1320,PE,781875,781875,0.0
2026-03-06 08:12:11,AXISBANK,31MAR2026,1340,CE,821875,821875,0.0
2026-03-06 08:12:11,AXISBANK,31MAR2026,1340,PE,1030625,1030625,0.0
2026-03-06 08:13:13,AXISBANK,31MAR2026,1300,CE,302500,302500,0.0
2026-03-06 08:13:13,AXISBANK,31MAR2026,1300,PE,668750,668750,0.0
2026-03-06 08:13:13,AXISBANK,31MAR2026,1320,CE,225625,227500,-0.82
2026-03-06 08:13:13,AXISBANK,31MAR2026,1320,PE,781875,781875,0.0
2026-03-06 08:13:13,AXISBANK,31MAR2026,1340,CE,824375,821875,0.3
2026-03-06 08:13:13,AXISBANK,31MAR2026,1340,PE,1030625,1030625,0.0
2026-03-06 08:14:15,AXISBANK,31MAR2026,1300,CE,302500,302500,0.0
2026-03-06 08:14:15,AXISBANK,31MAR2026,1300,PE,668750,668750,0.0
2026-03-06 08:14:15,AXISBANK,31MAR2026,1320,CE,225625,225625,0.0
2026-03-06 08:14:15,AXISBANK,31MAR2026,1320,PE,781875,781875,0.0
2026-03-06 08:14:15,AXISBANK,31MAR2026,1340,CE,824375,824375,0.0
2026-03-06 08:14:15,AXISBANK,31MAR2026,1340,PE,1030625,1030625,0.0
